{
  "n_muestras": 8531,
  "distribucion_etiquetas": {
    "alto": 5504,
    "moderado": 3022,
    "saludable": 5
  },
  "proporcion_etiquetas": {
    "alto": 0.645,
    "moderado": 0.354,
    "saludable": 0.001
  },
  "estadisticas_score": {
    "media": 59.28594784346871,
    "mediana": 58.94736842105262,
    "desviacion_std": 11.122240476387024,
    "minimo": 22.105263157894736,
    "maximo": 93.6842105263158,
    "percentiles": {
      "p25": 51.578947368421055,
      "p75": 66.3157894736842,
      "p90": 73.68421052631578,
      "p95": 76.84210526315789
    }
  },
  "score_por_etiqueta": {
    "alto": {
      "media": 65.74567778457772,
      "std": 7.358734007772024,
      "min": 55.78947368421052,
      "max": 93.6842105263158
    },
    "moderado": {
      "media": 47.58089797624439,
      "std": 5.948324147745408,
      "min": 26.31578947368421,
      "max": 54.736842105263165
    },
    "saludable": {
      "media": 22.947368421052634,
      "std": 0.47075115315785115,
      "min": 22.105263157894736,
      "max": 23.157894736842106
    }
  },
  "metricas_modelo": {
    "alto": {
      "precision": 0.9828,
      "recall": 0.9873,
      "f1": 0.985
    },
    "moderado": {
      "precision": 0.9767,
      "recall": 0.9686,
      "f1": 0.9726
    },
    "saludable": {
      "precision": 1.0,
      "recall": 1.0,
      "f1": 1.0
    },
    "accuracy": 0.9807
  }
}